{"stats":{"minecraft:used":{"minecraft:netherite_sword":40,"minecraft:iron_bars":55,"minecraft:flint_and_steel":5,"minecraft:light_gray_stained_glass_pane":89,"minecraft:red_concrete":74,"minecraft:spruce_slab":33,"minecraft:ladder":23,"minecraft:chest":1,"minecraft:white_concrete_powder":4,"minecraft:spruce_planks":168,"minecraft:stone":169,"minecraft:zombie_spawn_egg":2,"minecraft:player_head":1,"minecraft:dirt":10,"minecraft:skeleton_spawn_egg":3,"minecraft:spruce_stairs":21,"minecraft:milk_bucket":1,"minecraft:polished_diorite":29,"minecraft:dark_oak_planks":5,"minecraft:stone_brick_slab":21,"minecraft:sea_lantern":75,"minecraft:quartz_pillar":37,"minecraft:quartz_slab":87,"minecraft:red_wool":43,"minecraft:lantern":18,"minecraft:grass_block":133,"minecraft:oak_stairs":46,"minecraft:quartz_block":6,"minecraft:polished_andesite_stairs":27,"minecraft:spawner":21,"minecraft:diorite_wall":57,"minecraft:totem_of_undying":8,"minecraft:stone_bricks":75,"minecraft:red_carpet":62,"witherstormmod:sickened_iron_golem_spawn_egg":5,"minecraft:trapped_chest":7,"minecraft:spider_spawn_egg":1,"minecraft:chiseled_polished_blackstone":222,"minecraft:mossy_stone_bricks":335,"minecraft:water_bucket":49,"minecraft:nether_brick_wall":8,"minecraft:birch_planks":14,"minecraft:polished_diorite_slab":54,"minecraft:iron_golem_spawn_egg":2,"minecraft:mossy_stone_brick_stairs":91,"minecraft:cobblestone_slab":96,"minecraft:vindicator_spawn_egg":8,"minecraft:deepslate_bricks":81,"minecraft:waxed_copper_block":97,"minecraft:smooth_quartz_stairs":77,"minecraft:white_wool":82,"minecraft:golden_apple":9,"minecraft:polished_deepslate_slab":35,"minecraft:crafting_table":1,"minecraft:crossbow":1,"minecraft:cave_spider_spawn_egg":2,"minecraft:chiseled_quartz_block":11,"minecraft:spruce_log":190,"minecraft:creeper_spawn_egg":58,"minecraft:deepslate_tiles":146,"minecraft:sticky_piston":10,"minecraft:lever":5,"minecraft:black_concrete":158,"minecraft:polished_andesite_slab":22,"minecraft:red_concrete_powder":64,"minecraft:white_banner":47,"minecraft:red_banner":53,"witherstormmod:firework_bundle":76,"minecraft:pillager_spawn_egg":9,"minecraft:cobweb":15},"minecraft:picked_up":{"minecraft:lead":2,"minecraft:wither_rose":3,"minecraft:experience_bottle":2,"minecraft:deepslate_tiles":65,"minecraft:bucket":1,"minecraft:echo_shard":2,"minecraft:netherite_upgrade_smithing_template":2,"minecraft:tipped_arrow":64,"minecraft:carrot":9,"minecraft:goat_horn":1,"minecraft:quartz_block":64,"minecraft:totem_of_undying":10,"minecraft:deepslate_brick_stairs":64,"minecraft:cave_spider_spawn_egg":64,"minecraft:leather":2,"minecraft:potato":4,"minecraft:waxed_copper_block":64,"minecraft:gunpowder":2,"minecraft:dirt":19,"minecraft:stone_bricks":128,"minecraft:wheat_seeds":5,"minecraft:creeper_spawn_egg":64,"minecraft:iron_ingot":10,"minecraft:mossy_stone_bricks":64,"minecraft:mossy_stone_brick_stairs":64,"minecraft:milk_bucket":1,"minecraft:red_wool":64,"minecraft:dark_oak_log":3,"minecraft:polished_diorite":64,"minecraft:lever":1,"minecraft:crossbow":2,"minecraft:emerald":1},"minecraft:custom":{"minecraft:interact_with_smithing_table":5,"minecraft:mob_kills":6,"minecraft:interact_with_crafting_table":1,"minecraft:leave_game":18,"minecraft:time_since_death":3874,"minecraft:climb_one_cm":2492,"minecraft:sprint_one_cm":382654,"minecraft:walk_one_cm":347977,"minecraft:drop":75,"minecraft:play_time":251047,"minecraft:deaths":24,"minecraft:sneak_time":11942,"minecraft:walk_under_water_one_cm":150,"minecraft:jump":1143,"minecraft:walk_on_water_one_cm":3264,"minecraft:total_world_time":251047,"minecraft:time_since_rest":3878,"minecraft:damage_taken":3260,"minecraft:damage_absorbed":630,"minecraft:trigger_trapped_chest":64,"minecraft:damage_dealt":3779,"minecraft:fly_one_cm":2948935,"minecraft:open_chest":13,"minecraft:crouch_one_cm":11822,"minecraft:fall_one_cm":5326},"minecraft:killed":{"minecraft:vindicator":1,"witherstormmod:sickened_iron_golem":5},"minecraft:mined":{"minecraft:deepslate_tiles":4,"minecraft:spruce_planks":1,"minecraft:dark_oak_log":1,"minecraft:grass_block":787,"minecraft:oxeye_daisy":2,"minecraft:iron_ore":2,"minecraft:polished_deepslate_slab":3,"minecraft:oak_stairs":2,"minecraft:stone":396,"minecraft:light_gray_carpet":3,"minecraft:snow_block":10,"minecraft:dandelion":10,"minecraft:cornflower":4,"minecraft:crafting_table":1,"minecraft:tall_grass":14,"minecraft:cobblestone":5,"minecraft:diorite":62,"minecraft:birch_planks":158,"minecraft:redstone_torch":1,"minecraft:ice":1,"minecraft:white_carpet":9,"minecraft:spruce_log":1,"minecraft:waxed_copper_block":14,"minecraft:grass":131,"minecraft:coal_ore":4,"minecraft:gravel":2,"minecraft:dirt":119,"minecraft:stone_bricks":1,"minecraft:mossy_stone_bricks":1,"minecraft:oak_leaves":1},"minecraft:dropped":{"minecraft:water_bucket":1,"minecraft:piston":64,"minecraft:birch_planks":1,"minecraft:wheat_seeds":5,"minecraft:smooth_quartz_stairs":64,"minecraft:creeper_spawn_egg":64,"minecraft:netherite_chestplate":1,"minecraft:light_gray_stained_glass_pane":64,"minecraft:netherite_helmet":1,"minecraft:crossbow":1,"minecraft:netherite_upgrade_smithing_template":1,"minecraft:lantern":64,"minecraft:mossy_stone_brick_stairs":128,"minecraft:red_wool":64,"minecraft:quartz_pillar":64,"minecraft:stick":2,"minecraft:emerald":1,"minecraft:dirt":13,"minecraft:deepslate_brick_stairs":64,"minecraft:netherite_boots":1,"minecraft:polished_andesite_stairs":128,"minecraft:string":2,"minecraft:dark_oak_planks":2,"minecraft:bucket":1,"minecraft:polished_diorite":128,"minecraft:lever":65,"minecraft:polished_diorite_slab":64,"minecraft:chiseled_quartz_block":64,"minecraft:sticky_piston":64,"minecraft:oak_planks":188,"minecraft:totem_of_undying":1,"minecraft:waxed_copper_block":128,"minecraft:cave_spider_spawn_egg":64,"minecraft:netherite_leggings":1,"minecraft:echo_shard":1,"minecraft:deepslate_bricks":64,"minecraft:sea_lantern":64,"minecraft:cobblestone_slab":64,"minecraft:tipped_arrow":128,"minecraft:deepslate_tiles":193,"minecraft:stone":2,"minecraft:diorite_wall":64,"minecraft:quartz_block":128,"minecraft:mossy_stone_bricks":128,"minecraft:ladder":34,"minecraft:stone_bricks":192,"minecraft:spruce_log":1,"minecraft:quartz_slab":128},"minecraft:crafted":{"minecraft:oak_planks":256,"minecraft:ladder":54,"minecraft:crafting_table":1,"minecraft:air":0,"minecraft:stick":128},"minecraft:killed_by":{"minecraft:creeper":6,"minecraft:pillager":1,"minecraft:vindicator":1,"minecraft:vex":3}},"DataVersion":3465}