{"stats":{"minecraft:used":{"minecraft:trident":5,"minecraft:netherite_sword":15,"minecraft:firework_rocket":48,"minecraft:ender_pearl":7,"minecraft:iron_chestplate":1,"minecraft:crafting_table":1},"minecraft:picked_up":{"minecraft:netherite_boots":1,"minecraft:oak_log":3,"minecraft:netherite_leggings":1,"minecraft:dirt":4,"minecraft:diamond_chestplate":1,"minecraft:netherite_helmet":1,"minecraft:diamond_leggings":1,"minecraft:diamond_boots":1,"minecraft:diamond_helmet":1,"minecraft:netherite_chestplate":1,"minecraft:cobblestone":48},"minecraft:custom":{"minecraft:time_since_rest":6326,"minecraft:walk_one_cm":16941,"minecraft:sprint_one_cm":18833,"minecraft:damage_taken":1225,"minecraft:drop":4,"minecraft:damage_dealt":856,"minecraft:interact_with_crafting_table":3,"minecraft:fly_one_cm":173431,"minecraft:crouch_one_cm":896,"minecraft:play_time":23120,"minecraft:deaths":4,"minecraft:sneak_time":790,"minecraft:jump":63,"minecraft:leave_game":1,"minecraft:time_since_death":6322,"minecraft:walk_on_water_one_cm":22,"minecraft:total_world_time":23120,"minecraft:fall_one_cm":1487},"minecraft:mined":{"minecraft:grass_block":1,"minecraft:oak_log":3,"minecraft:oak_leaves":6},"minecraft:dropped":{"minecraft:diamond_chestplate":1,"minecraft:diamond_leggings":1,"minecraft:diamond_helmet":1,"minecraft:diamond_boots":1},"minecraft:crafted":{"minecraft:wooden_sword":1,"minecraft:oak_planks":12,"minecraft:diamond":27,"minecraft:iron_chestplate":1,"minecraft:crafting_table":1,"minecraft:stick":4,"minecraft:wooden_axe":1},"minecraft:killed_by":{"witherstormmod:sickened_iron_golem":1,"witherstormmod:wither_storm":1}},"DataVersion":3465}