{"stats":{"minecraft:dropped":{"minecraft:diamond_leggings":1,"minecraft:netherite_upgrade_smithing_template":2,"minecraft:milk_bucket":1,"minecraft:wooden_axe":1,"minecraft:diamond_helmet":1,"minecraft:stripped_birch_log":64,"minecraft:netherite_sword":1,"minecraft:totem_of_undying":7,"minecraft:echo_shard":2,"minecraft:stone":3,"minecraft:diamond_chestplate":1,"minecraft:diamond_boots":1},"minecraft:crafted":{"minecraft:oak_planks":256,"minecraft:iron_boots":1,"minecraft:iron_helmet":2,"minecraft:air":0,"minecraft:iron_chestplate":2,"minecraft:recovery_compass":3,"minecraft:iron_leggings":1},"minecraft:picked_up":{"minecraft:wooden_axe":4,"minecraft:polished_deepslate":64,"minecraft:string":1,"minecraft:diamond_leggings":1,"minecraft:netherite_sword":1,"minecraft:echo_shard":10,"minecraft:cobblestone_slab":64,"minecraft:player_head":64,"minecraft:netherite_upgrade_smithing_template":10,"minecraft:poppy":3,"minecraft:polished_deepslate_slab":64,"minecraft:stone":3,"minecraft:quartz_block":1,"minecraft:arrow":13,"minecraft:diamond_chestplate":1,"minecraft:tropical_fish":1,"minecraft:deepslate_bricks":64,"witherstormmod:withered_flesh":1,"minecraft:diamond_boots":1,"minecraft:totem_of_undying":18,"minecraft:cobblestone":17,"minecraft:water_bucket":3,"minecraft:chiseled_quartz_block":128,"minecraft:flint":1,"minecraft:waxed_copper_block":64,"minecraft:gunpowder":1,"minecraft:lantern":9,"minecraft:white_banner":2,"minecraft:bone":11,"minecraft:stone_bricks":320,"minecraft:bow":1,"minecraft:wheat_seeds":2,"minecraft:iron_ingot":9,"minecraft:mossy_stone_bricks":2,"minecraft:diamond_helmet":1,"minecraft:polished_andesite_slab":64,"minecraft:red_concrete_powder":64,"minecraft:chiseled_stone_bricks":256,"minecraft:grass_block":64,"minecraft:sea_lantern":64,"minecraft:white_concrete_powder":64,"minecraft:black_concrete":1,"minecraft:lever":2,"minecraft:emerald":4,"minecraft:red_concrete":64},"minecraft:custom":{"minecraft:interact_with_smithing_table":6,"minecraft:mob_kills":30,"minecraft:interact_with_crafting_table":8,"minecraft:open_barrel":8,"minecraft:leave_game":54,"minecraft:time_since_death":23848,"minecraft:climb_one_cm":224,"minecraft:sprint_one_cm":113945,"minecraft:walk_one_cm":290983,"minecraft:drop":22,"minecraft:play_time":474335,"minecraft:deaths":20,"minecraft:sneak_time":13646,"minecraft:walk_under_water_one_cm":18563,"minecraft:jump":1007,"minecraft:walk_on_water_one_cm":8018,"minecraft:total_world_time":474335,"minecraft:time_since_rest":23852,"minecraft:damage_taken":28861,"minecraft:damage_absorbed":4160,"minecraft:trigger_trapped_chest":18,"minecraft:damage_dealt":-12481,"minecraft:swim_one_cm":2811,"minecraft:fly_one_cm":3654179,"minecraft:open_chest":22,"minecraft:crouch_one_cm":5302,"minecraft:fall_one_cm":13032},"minecraft:used":{"minecraft:netherite_sword":76,"minecraft:iron_bars":16,"minecraft:flint_and_steel":10,"minecraft:red_concrete":23,"minecraft:redstone":5,"minecraft:oak_sign":18,"minecraft:mycelium":1,"minecraft:polished_basalt":1,"minecraft:chest":52,"minecraft:stone":4,"minecraft:zombie_spawn_egg":6,"minecraft:wither_skeleton_spawn_egg":15,"minecraft:iron_chestplate":1,"minecraft:torch":10,"minecraft:soul_sand":10,"minecraft:skeleton_spawn_egg":30,"decorative_blocks:soul_brazier":3,"witherstormmod:formidibomb":6,"minecraft:glow_lichen":274,"minecraft:milk_bucket":1,"securitycraft:reinforced_black_wool":25,"minecraft:glass":2,"minecraft:wooden_axe":1,"minecraft:cyan_terracotta":8,"minecraft:red_wool":5,"minecraft:lantern":13,"minecraft:grass_block":19,"minecraft:oak_stairs":21,"minecraft:spawner":61,"decorative_blocks:warped_palisade":4,"minecraft:totem_of_undying":71,"decorative_blocks:dark_oak_palisade":95,"minecraft:stone_bricks":618,"decorative_blocks:spruce_seat":2,"minecraft:soul_soil":3,"minecraft:gold_block":421,"minecraft:stone_pressure_plate":6,"minecraft:cherry_log":17,"minecraft:spider_spawn_egg":4,"decorative_blocks:jungle_seat":2,"minecraft:chiseled_polished_blackstone":1,"minecraft:mossy_stone_bricks":9,"minecraft:water_bucket":13,"somemoreblocks:oak_mosaic":1,"minecraft:wither_skeleton_skull":11,"minecraft:birch_planks":10,"minecraft:oak_planks":37,"minecraft:blue_wool":8,"minecraft:polished_diorite_slab":51,"minecraft:ender_pearl":13,"minecraft:glow_ink_sac":1,"minecraft:deepslate_bricks":1,"minecraft:white_wool":24,"decorative_blocks:birch_support":2,"minecraft:yellow_terracotta":22,"minecraft:oak_slab":27,"minecraft:crafting_table":3,"minecraft:red_bed":1,"minecraft:yellow_concrete":33,"minecraft:cave_spider_spawn_egg":9,"minecraft:chiseled_quartz_block":1,"minecraft:lingering_potion":6,"minecraft:spruce_log":4,"minecraft:oak_log":48,"minecraft:lever":2,"minecraft:firework_rocket":41,"minecraft:black_concrete":208,"minecraft:command_block":12,"witherstormmod:super_tnt":1,"minecraft:deepslate":2,"somemoreblocks:stone_pillar":8,"minecraft:smithing_table":3,"decorative_blocks:brazier":4,"minecraft:splash_potion":20},"minecraft:killed":{"minecraft:evoker":5,"witherstormmod:sickened_pig":1,"minecraft:spider":1,"minecraft:skeleton":16,"minecraft:cat":2,"minecraft:iron_golem":1,"minecraft:creeper":1,"minecraft:pillager":1},"minecraft:mined":{"minecraft:red_nether_bricks":4,"minecraft:nether_bricks":4,"minecraft:grass_block":825,"somemoreblocks:diorite_bricks":266,"minecraft:oxeye_daisy":1,"minecraft:spawner":1,"decorative_blocks:stone_pillar":14,"minecraft:fire":3,"minecraft:nether_brick_stairs":2,"minecraft:mossy_stone_brick_stairs":8,"minecraft:cobblestone_slab":4,"minecraft:stone":2284,"minecraft:white_wool":67,"minecraft:spruce_slab":9,"minecraft:acacia_leaves":1,"minecraft:red_bed":1,"minecraft:poppy":1,"somemoreblocks:stone_pillar":661,"minecraft:nether_brick_slab":1,"minecraft:spruce_stairs":8,"minecraft:spruce_log":4,"minecraft:waxed_copper_block":1,"minecraft:red_wall_banner":1,"minecraft:white_wall_banner":2,"minecraft:grass":51,"minecraft:coal_ore":26,"minecraft:oak_log":59,"minecraft:gravel":188,"minecraft:dirt":822,"minecraft:stone_bricks":190,"minecraft:mossy_stone_bricks":8,"minecraft:oak_leaves":1,"minecraft:deepslate":2}},"DataVersion":3465}