{"stats":{"minecraft:used":{"minecraft:chiseled_polished_blackstone":1,"decorative_blocks:jungle_seat":2,"minecraft:water_bucket":13,"minecraft:mossy_stone_bricks":9,"minecraft:netherite_sword":74,"minecraft:iron_bars":16,"minecraft:flint_and_steel":4,"minecraft:wither_skeleton_skull":5,"somemoreblocks:oak_mosaic":1,"minecraft:birch_planks":10,"minecraft:red_concrete":23,"minecraft:redstone":5,"minecraft:polished_diorite_slab":51,"minecraft:oak_sign":18,"minecraft:mycelium":1,"minecraft:blue_wool":8,"minecraft:polished_basalt":1,"minecraft:ender_pearl":4,"minecraft:chest":52,"minecraft:wither_skeleton_spawn_egg":15,"minecraft:stone":1,"minecraft:zombie_spawn_egg":6,"minecraft:glow_ink_sac":1,"minecraft:deepslate_bricks":1,"minecraft:iron_chestplate":1,"minecraft:white_wool":24,"minecraft:torch":10,"minecraft:skeleton_spawn_egg":30,"minecraft:yellow_terracotta":22,"minecraft:soul_sand":7,"decorative_blocks:soul_brazier":3,"decorative_blocks:birch_support":2,"minecraft:oak_slab":27,"minecraft:crafting_table":3,"minecraft:red_bed":1,"minecraft:chiseled_quartz_block":1,"minecraft:yellow_concrete":33,"witherstormmod:formidibomb":3,"minecraft:cave_spider_spawn_egg":9,"minecraft:lingering_potion":6,"minecraft:glow_lichen":274,"minecraft:spruce_log":4,"minecraft:milk_bucket":1,"securitycraft:reinforced_black_wool":25,"minecraft:oak_log":14,"minecraft:glass":2,"minecraft:wooden_axe":1,"minecraft:black_concrete":208,"minecraft:cyan_terracotta":8,"minecraft:red_wool":5,"minecraft:command_block":8,"minecraft:lantern":13,"minecraft:oak_stairs":21,"minecraft:grass_block":19,"minecraft:spawner":61,"decorative_blocks:warped_palisade":4,"minecraft:deepslate":2,"minecraft:totem_of_undying":67,"decorative_blocks:dark_oak_palisade":95,"minecraft:stone_bricks":618,"decorative_blocks:spruce_seat":2,"minecraft:smithing_table":3,"decorative_blocks:brazier":4,"minecraft:gold_block":421,"minecraft:stone_pressure_plate":6,"minecraft:cherry_log":17,"minecraft:splash_potion":11,"minecraft:spider_spawn_egg":4},"minecraft:picked_up":{"minecraft:wooden_axe":3,"minecraft:water_bucket":3,"minecraft:chiseled_quartz_block":128,"minecraft:waxed_copper_block":64,"minecraft:gunpowder":1,"minecraft:polished_deepslate":64,"minecraft:white_banner":2,"minecraft:string":1,"minecraft:lantern":9,"minecraft:bone":11,"minecraft:stone_bricks":320,"minecraft:wheat_seeds":2,"minecraft:bow":1,"minecraft:diamond_leggings":1,"minecraft:netherite_sword":1,"minecraft:iron_ingot":9,"minecraft:echo_shard":10,"minecraft:cobblestone_slab":64,"minecraft:player_head":64,"minecraft:mossy_stone_bricks":2,"minecraft:netherite_upgrade_smithing_template":10,"minecraft:poppy":3,"minecraft:diamond_helmet":1,"minecraft:polished_andesite_slab":64,"minecraft:polished_deepslate_slab":64,"minecraft:red_concrete_powder":64,"minecraft:chiseled_stone_bricks":256,"minecraft:grass_block":64,"minecraft:sea_lantern":64,"minecraft:quartz_block":1,"minecraft:arrow":13,"minecraft:diamond_chestplate":1,"minecraft:white_concrete_powder":64,"minecraft:black_concrete":1,"minecraft:diamond_boots":1,"minecraft:deepslate_bricks":64,"minecraft:emerald":4,"minecraft:totem_of_undying":18,"minecraft:red_concrete":64},"minecraft:custom":{"minecraft:interact_with_smithing_table":6,"minecraft:mob_kills":28,"minecraft:interact_with_crafting_table":8,"minecraft:open_barrel":8,"minecraft:leave_game":47,"minecraft:time_since_death":8093,"minecraft:time_since_rest":8095,"minecraft:sprint_one_cm":106624,"minecraft:damage_absorbed":4160,"minecraft:damage_taken":18930,"minecraft:walk_one_cm":272109,"minecraft:trigger_trapped_chest":18,"minecraft:drop":18,"minecraft:damage_dealt":-6971,"minecraft:swim_one_cm":1121,"minecraft:fly_one_cm":3176392,"minecraft:open_chest":22,"minecraft:crouch_one_cm":4937,"minecraft:play_time":415257,"minecraft:sneak_time":12353,"minecraft:deaths":19,"minecraft:walk_under_water_one_cm":17223,"minecraft:jump":823,"minecraft:walk_on_water_one_cm":5901,"minecraft:total_world_time":415257,"minecraft:fall_one_cm":6319},"minecraft:dropped":{"minecraft:netherite_sword":1,"minecraft:diamond_leggings":1,"minecraft:netherite_upgrade_smithing_template":2,"minecraft:totem_of_undying":7,"minecraft:echo_shard":2,"minecraft:milk_bucket":1,"minecraft:diamond_chestplate":1,"minecraft:diamond_helmet":1,"minecraft:stripped_birch_log":64,"minecraft:diamond_boots":1},"minecraft:mined":{"minecraft:acacia_leaves":1,"minecraft:red_bed":1,"minecraft:red_nether_bricks":4,"minecraft:nether_bricks":4,"minecraft:grass_block":235,"minecraft:nether_brick_slab":1,"minecraft:spawner":1,"minecraft:spruce_stairs":8,"minecraft:spruce_log":4,"minecraft:waxed_copper_block":1,"minecraft:white_wall_banner":2,"minecraft:red_wall_banner":1,"minecraft:nether_brick_stairs":2,"minecraft:grass":29,"minecraft:mossy_stone_brick_stairs":8,"minecraft:oak_log":59,"minecraft:cobblestone_slab":4,"minecraft:dirt":104,"minecraft:stone":240,"minecraft:stone_bricks":190,"minecraft:mossy_stone_bricks":8,"minecraft:white_wool":67,"minecraft:spruce_slab":9,"minecraft:deepslate":2},"minecraft:killed":{"minecraft:cat":2,"minecraft:evoker":5,"minecraft:spider":1,"minecraft:iron_golem":1,"minecraft:creeper":1,"minecraft:skeleton":16,"minecraft:pillager":1},"minecraft:crafted":{"minecraft:iron_helmet":2,"minecraft:air":0,"minecraft:iron_boots":1,"minecraft:iron_chestplate":2,"minecraft:recovery_compass":3,"minecraft:iron_leggings":1}},"DataVersion":3465}